,precision,recall,f1-score,support
cheap,0.9950563880735362,0.9979857452742485,0.9965189139011371,6454.0
moderate,0.9932503374831259,0.9944436101516744,0.9938466156386012,6659.0
luxury,0.999271137026239,0.9953535646870916,0.9973085036735287,6887.0
accuracy,0.9959,0.9959,0.9959,0.9959
macro avg,0.9958592875276336,0.9959276400376714,0.9958913444044223,20000.0
weighted avg,0.9959064123313223,0.9959,0.9959010674327489,20000.0
