{"value": [44.40478, 8.94439], "expiry": 1775324099.480401}