{"value": [19.07283, 72.88261], "expiry": 1775323517.2703326}