{"value": [28.65195, 77.23149], "expiry": 1775323517.2773917}